experiment,num_epochs,final_loss,best_loss,best_epoch,avg_accuracy
Experiment_A,5,0.29999999999999993,0.29999999999999993,5,0.6599999999999999
Experiment_B,5,0.29999999999999993,0.29999999999999993,5,0.6599999999999999
Experiment_C,3,0.6,0.6,3,0.58
