experiment,num_epochs,final_loss,best_loss,best_epoch,avg_accuracy
exp_A,5,0.29999999999999993,0.29999999999999993,5,0.6599999999999999
exp_B,5,0.29999999999999993,0.29999999999999993,5,0.6599999999999999
exp_C,3,0.6,0.6,3,0.58
